[
  {
    "codigo": 8,
    "pais": "Abu Dhabi",
    "criacao": "-",
    "extincao": "13/12/1996"
  },
  {
    "codigo": 9,
    "pais": "Dirce",
    "criacao": "-",
    "extincao": "13/12/1996"
  },
  {
    "codigo": 13,
    "pais": "Afeganistao",
    "criacao": "-",
    "extincao": ""
  },
  {
    "codigo": 17,
    "pais": "Albania, Republica Da",
    "criacao": "-",
    "extincao": ""
  },
  {
    "codigo": 20,
    "pais": "Alboran-Perejil,Ilhas",
    "criacao": "-",
    "extincao": "13/12/1996"
  },
  {
    "codigo": 23,
    "pais": "Alemanha",
    "criacao": "-",
    "extincao": ""
  },
  {
    "codigo": 25,
    "pais": "Alemanha, Republica Democratica",
    "criacao": "-",
    "extincao": "13/12/1996"
  },
  {
    "codigo": 31,
    "pais": "Burkina Faso",
    "criacao": "-",
    "extincao": ""
  },
  {
    "codigo": 37,
    "pais": "Andorra",
    "criacao": "-",
    "extincao": ""
  },
  {
    "codigo": 40,
    "pais": "Angola",
    "criacao": "-",
    "extincao": ""
  },
  {
    "codigo": 41,
    "pais": "Anguilla",
    "criacao": "-",
    "extincao": ""
  },
  {
    "codigo": 43,
    "pais": "Antigua E Barbuda",
    "criacao": "-",
    "extincao": ""
  },
  {
    "codigo": 47,
    "pais": "Antilhas Holandesas",
    "criacao": "-",
    "extincao": ""
  },
  {
    "codigo": 53,
    "pais": "Arabia Saudita",
    "criacao": "-",
    "extincao": ""
  },
  {
    "codigo": 59,
    "pais": "Argelia",
    "criacao": "-",
    "extincao": ""
  },
  {
    "codigo": 63,
    "pais": "Argentina",
    "criacao": "-",
    "extincao": ""
  },
  {
    "codigo": 64,
    "pais": "Armenia, Republica Da",
    "criacao": "-",
    "extincao": ""
  },
  {
    "codigo": 65,
    "pais": "Aruba",
    "criacao": "-",
    "extincao": ""
  },
  {
    "codigo": 69,
    "pais": "Australia",
    "criacao": "-",
    "extincao": ""
  },
  {
    "codigo": 72,
    "pais": "Austria",
    "criacao": "-",
    "extincao": ""
  },
  {
    "codigo": 73,
    "pais": "Azerbaijao, Republica Do",
    "criacao": "-",
    "extincao": ""
  },
  {
    "codigo": 77,
    "pais": "Bahamas, Ilhas",
    "criacao": "-",
    "extincao": ""
  },
  {
    "codigo": 80,
    "pais": "Bahrein, Ilhas",
    "criacao": "-",
    "extincao": ""
  },
  {
    "codigo": 81,
    "pais": "Bangladesh",
    "criacao": "-",
    "extincao": ""
  },
  {
    "codigo": 83,
    "pais": "Barbados",
    "criacao": "-",
    "extincao": ""
  },
  {
    "codigo": 85,
    "pais": "Belarus, Republica Da",
    "criacao": "-",
    "extincao": ""
  },
  {
    "codigo": 87,
    "pais": "Belgica",
    "criacao": "-",
    "extincao": ""
  },
  {
    "codigo": 88,
    "pais": "Belize",
    "criacao": "-",
    "extincao": ""
  },
  {
    "codigo": 90,
    "pais": "Bermudas",
    "criacao": "-",
    "extincao": ""
  },
  {
    "codigo": 93,
    "pais": "Mianmar (BIRMANIA)",
    "criacao": "-",
    "extincao": ""
  },
  {
    "codigo": 97,
    "pais": "Bolivia, Estado Plurinacional Da",
    "criacao": "-",
    "extincao": ""
  },
  {
    "codigo": 98,
    "pais": "Bosnia-Herzegovina (REPUBLICA Da)",
    "criacao": "-",
    "extincao": ""
  },
  {
    "codigo": 100,
    "pais": "Int.Z.F.Manaus",
    "criacao": "01/12/1991",
    "extincao": "13/12/1996"
  },
  {
    "codigo": 101,
    "pais": "Botsuana",
    "criacao": "-",
    "extincao": ""
  },
  {
    "codigo": 105,
    "pais": "Brasil",
    "criacao": "-",
    "extincao": ""
  },
  {
    "codigo": 106,
    "pais": "Fretado P/Brasil",
    "criacao": "01/12/1991",
    "extincao": "14/11/1996"
  },
  {
    "codigo": 108,
    "pais": "Brunei",
    "criacao": "-",
    "extincao": ""
  },
  {
    "codigo": 111,
    "pais": "Bulgaria, Republica Da",
    "criacao": "-",
    "extincao": ""
  },
  {
    "codigo": 115,
    "pais": "Burundi",
    "criacao": "-",
    "extincao": ""
  },
  {
    "codigo": 119,
    "pais": "Butao",
    "criacao": "-",
    "extincao": ""
  },
  {
    "codigo": 127,
    "pais": "Cabo Verde, Republica De",
    "criacao": "-",
    "extincao": ""
  },
  {
    "codigo": 131,
    "pais": "Cachemira",
    "criacao": "-",
    "extincao": "13/12/1996"
  },
  {
    "codigo": 137,
    "pais": "Cayman, Ilhas",
    "criacao": "-",
    "extincao": ""
  },
  {
    "codigo": 141,
    "pais": "Camboja",
    "criacao": "-",
    "extincao": ""
  },
  {
    "codigo": 145,
    "pais": "Camaroes",
    "criacao": "-",
    "extincao": ""
  },
  {
    "codigo": 149,
    "pais": "Canada",
    "criacao": "-",
    "extincao": ""
  },
  {
    "codigo": 150,
    "pais": "Jersey, Ilha Do Canal",
    "criacao": "-",
    "extincao": ""
  },
  {
    "codigo": 151,
    "pais": "Canarias, Ilhas",
    "criacao": "-",
    "extincao": ""
  },
  {
    "codigo": 152,
    "pais": "Canal,Ilhas",
    "criacao": "-",
    "extincao": "13/12/1996"
  },
  {
    "codigo": 153,
    "pais": "Cazaquistao, Republica Do",
    "criacao": "-",
    "extincao": ""
  },
  {
    "codigo": 154,
    "pais": "Catar",
    "criacao": "-",
    "extincao": ""
  },
  {
    "codigo": 158,
    "pais": "Chile",
    "criacao": "-",
    "extincao": ""
  },
  {
    "codigo": 160,
    "pais": "China, Republica Popular",
    "criacao": "-",
    "extincao": ""
  },
  {
    "codigo": 161,
    "pais": "Formosa (TAIWAN)",
    "criacao": "-",
    "extincao": ""
  },
  {
    "codigo": 163,
    "pais": "Chipre",
    "criacao": "-",
    "extincao": ""
  },
  {
    "codigo": 165,
    "pais": "Cocos(Keeling),Ilhas",
    "criacao": "-",
    "extincao": ""
  },
  {
    "codigo": 169,
    "pais": "Colombia",
    "criacao": "-",
    "extincao": ""
  },
  {
    "codigo": 173,
    "pais": "Comores, Ilhas",
    "criacao": "-",
    "extincao": ""
  },
  {
    "codigo": 177,
    "pais": "Congo",
    "criacao": "-",
    "extincao": ""
  },
  {
    "codigo": 183,
    "pais": "Cook, Ilhas",
    "criacao": "-",
    "extincao": ""
  },
  {
    "codigo": 187,
    "pais": "Coreia (DO Norte), Rep.Pop.Democratica",
    "criacao": "-",
    "extincao": ""
  },
  {
    "codigo": 190,
    "pais": "Coreia (DO Sul), Republica Da",
    "criacao": "-",
    "extincao": ""
  },
  {
    "codigo": 193,
    "pais": "Costa Do Marfim",
    "criacao": "-",
    "extincao": ""
  },
  {
    "codigo": 195,
    "pais": "Croacia (REPUBLICA Da)",
    "criacao": "-",
    "extincao": ""
  },
  {
    "codigo": 196,
    "pais": "Costa Rica",
    "criacao": "-",
    "extincao": ""
  },
  {
    "codigo": 198,
    "pais": "Coveite",
    "criacao": "-",
    "extincao": ""
  },
  {
    "codigo": 199,
    "pais": "Cuba",
    "criacao": "-",
    "extincao": ""
  },
  {
    "codigo": 229,
    "pais": "Benin",
    "criacao": "-",
    "extincao": ""
  },
  {
    "codigo": 232,
    "pais": "Dinamarca",
    "criacao": "-",
    "extincao": ""
  },
  {
    "codigo": 235,
    "pais": "Dominica,Ilha",
    "criacao": "-",
    "extincao": ""
  },
  {
    "codigo": 237,
    "pais": "Dubai",
    "criacao": "-",
    "extincao": "13/12/1996"
  },
  {
    "codigo": 239,
    "pais": "Equador",
    "criacao": "-",
    "extincao": ""
  },
  {
    "codigo": 240,
    "pais": "Egito",
    "criacao": "-",
    "extincao": ""
  },
  {
    "codigo": 243,
    "pais": "Eritreia",
    "criacao": "17/07/2006",
    "extincao": ""
  },
  {
    "codigo": 244,
    "pais": "Emirados Arabes Unidos",
    "criacao": "-",
    "extincao": ""
  },
  {
    "codigo": 245,
    "pais": "Espanha",
    "criacao": "-",
    "extincao": ""
  },
  {
    "codigo": 246,
    "pais": "Eslovenia, Republica Da",
    "criacao": "-",
    "extincao": ""
  },
  {
    "codigo": 247,
    "pais": "Eslovaca, Republica",
    "criacao": "-",
    "extincao": ""
  },
  {
    "codigo": 249,
    "pais": "Estados Unidos",
    "criacao": "-",
    "extincao": ""
  },
  {
    "codigo": 251,
    "pais": "Estonia, Republica Da",
    "criacao": "-",
    "extincao": ""
  },
  {
    "codigo": 253,
    "pais": "Etiopia",
    "criacao": "-",
    "extincao": ""
  },
  {
    "codigo": 255,
    "pais": "Falkland (ILHAS Malvinas)",
    "criacao": "-",
    "extincao": ""
  },
  {
    "codigo": 259,
    "pais": "Feroe, Ilhas",
    "criacao": "-",
    "extincao": ""
  },
  {
    "codigo": 263,
    "pais": "Fezzan",
    "criacao": "-",
    "extincao": "13/12/1996"
  },
  {
    "codigo": 267,
    "pais": "Filipinas",
    "criacao": "-",
    "extincao": ""
  },
  {
    "codigo": 271,
    "pais": "Finlandia",
    "criacao": "-",
    "extincao": ""
  },
  {
    "codigo": 275,
    "pais": "Franca",
    "criacao": "-",
    "extincao": ""
  },
  {
    "codigo": 281,
    "pais": "Gabao",
    "criacao": "-",
    "extincao": ""
  },
  {
    "codigo": 285,
    "pais": "Gambia",
    "criacao": "-",
    "extincao": ""
  },
  {
    "codigo": 289,
    "pais": "Gana",
    "criacao": "-",
    "extincao": ""
  },
  {
    "codigo": 291,
    "pais": "Georgia, Republica Da",
    "criacao": "-",
    "extincao": ""
  },
  {
    "codigo": 293,
    "pais": "Gibraltar",
    "criacao": "-",
    "extincao": ""
  },
  {
    "codigo": 297,
    "pais": "Granada",
    "criacao": "-",
    "extincao": ""
  },
  {
    "codigo": 301,
    "pais": "Grecia",
    "criacao": "-",
    "extincao": ""
  },
  {
    "codigo": 305,
    "pais": "Groenlandia",
    "criacao": "-",
    "extincao": ""
  },
  {
    "codigo": 309,
    "pais": "Guadalupe",
    "criacao": "-",
    "extincao": ""
  },
  {
    "codigo": 313,
    "pais": "Guam",
    "criacao": "-",
    "extincao": ""
  },
  {
    "codigo": 317,
    "pais": "Guatemala",
    "criacao": "-",
    "extincao": ""
  },
  {
    "codigo": 325,
    "pais": "Guiana Francesa",
    "criacao": "-",
    "extincao": ""
  },
  {
    "codigo": 329,
    "pais": "Guine",
    "criacao": "-",
    "extincao": ""
  },
  {
    "codigo": 331,
    "pais": "Guine-Equatorial",
    "criacao": "-",
    "extincao": ""
  },
  {
    "codigo": 334,
    "pais": "Guine-Bissau",
    "criacao": "-",
    "extincao": ""
  },
  {
    "codigo": 337,
    "pais": "Guiana",
    "criacao": "-",
    "extincao": ""
  },
  {
    "codigo": 341,
    "pais": "Haiti",
    "criacao": "-",
    "extincao": ""
  },
  {
    "codigo": 345,
    "pais": "Honduras",
    "criacao": "-",
    "extincao": ""
  },
  {
    "codigo": 351,
    "pais": "Hong Kong",
    "criacao": "-",
    "extincao": ""
  },
  {
    "codigo": 355,
    "pais": "Hungria, Republica Da",
    "criacao": "-",
    "extincao": ""
  },
  {
    "codigo": 357,
    "pais": "Iemen",
    "criacao": "-",
    "extincao": ""
  },
  {
    "codigo": 358,
    "pais": "Iemem Do Sul",
    "criacao": "-",
    "extincao": "13/12/1996"
  },
  {
    "codigo": 359,
    "pais": "Man, Ilha De",
    "criacao": "-",
    "extincao": ""
  },
  {
    "codigo": 361,
    "pais": "India",
    "criacao": "-",
    "extincao": ""
  },
  {
    "codigo": 365,
    "pais": "Indonesia",
    "criacao": "-",
    "extincao": ""
  },
  {
    "codigo": 367,
    "pais": "Inglaterra",
    "criacao": "-",
    "extincao": "18/03/1997"
  },
  {
    "codigo": 369,
    "pais": "Iraque",
    "criacao": "-",
    "extincao": ""
  },
  {
    "codigo": 372,
    "pais": "Ira, Republica Islamica Do",
    "criacao": "-",
    "extincao": ""
  },
  {
    "codigo": 375,
    "pais": "Irlanda",
    "criacao": "-",
    "extincao": ""
  },
  {
    "codigo": 379,
    "pais": "Islandia",
    "criacao": "-",
    "extincao": ""
  },
  {
    "codigo": 383,
    "pais": "Israel",
    "criacao": "-",
    "extincao": ""
  },
  {
    "codigo": 386,
    "pais": "Italia",
    "criacao": "-",
    "extincao": ""
  },
  {
    "codigo": 388,
    "pais": "Servia E Montenegro",
    "criacao": "-",
    "extincao": ""
  },
  {
    "codigo": 391,
    "pais": "Jamaica",
    "criacao": "-",
    "extincao": ""
  },
  {
    "codigo": 395,
    "pais": "Jammu",
    "criacao": "-",
    "extincao": "13/12/1996"
  },
  {
    "codigo": 396,
    "pais": "Johnston, Ilhas",
    "criacao": "-",
    "extincao": ""
  },
  {
    "codigo": 399,
    "pais": "Japao",
    "criacao": "-",
    "extincao": ""
  },
  {
    "codigo": 403,
    "pais": "Jordania",
    "criacao": "-",
    "extincao": ""
  },
  {
    "codigo": 411,
    "pais": "Kiribati",
    "criacao": "-",
    "extincao": ""
  },
  {
    "codigo": 420,
    "pais": "Laos, Rep.Pop.Democr.Do",
    "criacao": "-",
    "extincao": ""
  },
  {
    "codigo": 423,
    "pais": "Lebuan,Ilhas",
    "criacao": "-",
    "extincao": ""
  },
  {
    "codigo": 426,
    "pais": "Lesoto",
    "criacao": "-",
    "extincao": ""
  },
  {
    "codigo": 427,
    "pais": "Letonia, Republica Da",
    "criacao": "-",
    "extincao": ""
  },
  {
    "codigo": 431,
    "pais": "Libano",
    "criacao": "-",
    "extincao": ""
  },
  {
    "codigo": 434,
    "pais": "Liberia",
    "criacao": "-",
    "extincao": ""
  },
  {
    "codigo": 438,
    "pais": "Libia",
    "criacao": "-",
    "extincao": ""
  },
  {
    "codigo": 440,
    "pais": "Liechtenstein",
    "criacao": "-",
    "extincao": ""
  },
  {
    "codigo": 442,
    "pais": "Lituania, Republica Da",
    "criacao": "-",
    "extincao": ""
  },
  {
    "codigo": 445,
    "pais": "Luxemburgo",
    "criacao": "-",
    "extincao": ""
  },
  {
    "codigo": 447,
    "pais": "Macau",
    "criacao": "-",
    "extincao": ""
  },
  {
    "codigo": 449,
    "pais": "Macedonia, Ant.Rep.Iugoslava",
    "criacao": "-",
    "extincao": ""
  },
  {
    "codigo": 450,
    "pais": "Madagascar",
    "criacao": "-",
    "extincao": ""
  },
  {
    "codigo": 452,
    "pais": "Ilha Da Madeira",
    "criacao": "-",
    "extincao": ""
  },
  {
    "codigo": 455,
    "pais": "Malasia",
    "criacao": "-",
    "extincao": ""
  },
  {
    "codigo": 458,
    "pais": "Malavi",
    "criacao": "-",
    "extincao": ""
  },
  {
    "codigo": 461,
    "pais": "Maldivas",
    "criacao": "-",
    "extincao": ""
  },
  {
    "codigo": 464,
    "pais": "Mali",
    "criacao": "-",
    "extincao": ""
  },
  {
    "codigo": 467,
    "pais": "Malta",
    "criacao": "-",
    "extincao": ""
  },
  {
    "codigo": 472,
    "pais": "Marianas Do Norte",
    "criacao": "-",
    "extincao": ""
  },
  {
    "codigo": 474,
    "pais": "Marrocos",
    "criacao": "-",
    "extincao": ""
  },
  {
    "codigo": 476,
    "pais": "Marshall,Ilhas",
    "criacao": "-",
    "extincao": ""
  },
  {
    "codigo": 477,
    "pais": "Martinica",
    "criacao": "-",
    "extincao": ""
  },
  {
    "codigo": 485,
    "pais": "Mauricio",
    "criacao": "-",
    "extincao": ""
  },
  {
    "codigo": 488,
    "pais": "Mauritania",
    "criacao": "-",
    "extincao": ""
  },
  {
    "codigo": 490,
    "pais": "Midway, Ilhas",
    "criacao": "-",
    "extincao": ""
  },
  {
    "codigo": 493,
    "pais": "Mexico",
    "criacao": "-",
    "extincao": ""
  },
  {
    "codigo": 494,
    "pais": "Moldavia, Republica Da",
    "criacao": "-",
    "extincao": ""
  },
  {
    "codigo": 495,
    "pais": "Monaco",
    "criacao": "-",
    "extincao": ""
  },
  {
    "codigo": 497,
    "pais": "Mongolia",
    "criacao": "-",
    "extincao": ""
  },
  {
    "codigo": 499,
    "pais": "Micronesia",
    "criacao": "-",
    "extincao": ""
  },
  {
    "codigo": 501,
    "pais": "Montserrat,Ilhas",
    "criacao": "-",
    "extincao": ""
  },
  {
    "codigo": 505,
    "pais": "Mocambique",
    "criacao": "-",
    "extincao": ""
  },
  {
    "codigo": 507,
    "pais": "Namibia",
    "criacao": "-",
    "extincao": ""
  },
  {
    "codigo": 508,
    "pais": "Nauru",
    "criacao": "-",
    "extincao": ""
  },
  {
    "codigo": 511,
    "pais": "Christmas,Ilha (NAVIDAD)",
    "criacao": "-",
    "extincao": ""
  },
  {
    "codigo": 517,
    "pais": "Nepal",
    "criacao": "-",
    "extincao": ""
  },
  {
    "codigo": 521,
    "pais": "Nicaragua",
    "criacao": "-",
    "extincao": ""
  },
  {
    "codigo": 525,
    "pais": "Niger",
    "criacao": "-",
    "extincao": ""
  },
  {
    "codigo": 528,
    "pais": "Nigeria",
    "criacao": "-",
    "extincao": ""
  },
  {
    "codigo": 531,
    "pais": "Niue,Ilha",
    "criacao": "-",
    "extincao": ""
  },
  {
    "codigo": 535,
    "pais": "Norfolk,Ilha",
    "criacao": "-",
    "extincao": ""
  },
  {
    "codigo": 538,
    "pais": "Noruega",
    "criacao": "-",
    "extincao": ""
  },
  {
    "codigo": 542,
    "pais": "Nova Caledonia",
    "criacao": "-",
    "extincao": ""
  },
  {
    "codigo": 545,
    "pais": "Papua Nova Guine",
    "criacao": "-",
    "extincao": ""
  },
  {
    "codigo": 548,
    "pais": "Nova Zelandia",
    "criacao": "-",
    "extincao": ""
  },
  {
    "codigo": 551,
    "pais": "Vanuatu",
    "criacao": "-",
    "extincao": ""
  },
  {
    "codigo": 556,
    "pais": "Oma",
    "criacao": "-",
    "extincao": ""
  },
  {
    "codigo": 563,
    "pais": "Pacifico,Ilhas Do (ADMINISTRACAO Dos Eua)",
    "criacao": "-",
    "extincao": "13/12/1996"
  },
  {
    "codigo": 566,
    "pais": "Pacifico,Ilhas Do (POSSESSAO Dos Eua)",
    "criacao": "-",
    "extincao": ""
  },
  {
    "codigo": 569,
    "pais": "Pacifico,Ilhas Do (TERRITORIO Em Fideicomisso Dos",
    "criacao": "-",
    "extincao": "13/12/1996"
  },
  {
    "codigo": 573,
    "pais": "Paises Baixos (HOLANDA)",
    "criacao": "-",
    "extincao": ""
  },
  {
    "codigo": 575,
    "pais": "Palau",
    "criacao": "-",
    "extincao": ""
  },
  {
    "codigo": 576,
    "pais": "Paquistao",
    "criacao": "-",
    "extincao": ""
  },
  {
    "codigo": 578,
    "pais": "Palestina",
    "criacao": "25/01/2011",
    "extincao": ""
  },
  {
    "codigo": 580,
    "pais": "Panama",
    "criacao": "-",
    "extincao": ""
  },
  {
    "codigo": 583,
    "pais": "Papua Nova Guiné",
    "criacao": "01/12/1991",
    "extincao": "13/12/1996"
  },
  {
    "codigo": 586,
    "pais": "Paraguai",
    "criacao": "-",
    "extincao": ""
  },
  {
    "codigo": 589,
    "pais": "Peru",
    "criacao": "-",
    "extincao": ""
  },
  {
    "codigo": 593,
    "pais": "Pitcairn,Ilha",
    "criacao": "-",
    "extincao": ""
  },
  {
    "codigo": 599,
    "pais": "Polinesia Francesa",
    "criacao": "-",
    "extincao": ""
  },
  {
    "codigo": 603,
    "pais": "Polonia, Republica Da",
    "criacao": "-",
    "extincao": ""
  },
  {
    "codigo": 607,
    "pais": "Portugal",
    "criacao": "-",
    "extincao": ""
  },
  {
    "codigo": 611,
    "pais": "Porto Rico",
    "criacao": "-",
    "extincao": ""
  },
  {
    "codigo": 623,
    "pais": "Quenia",
    "criacao": "-",
    "extincao": ""
  },
  {
    "codigo": 625,
    "pais": "Quirguiz, Republica",
    "criacao": "-",
    "extincao": ""
  },
  {
    "codigo": 628,
    "pais": "Reino Unido",
    "criacao": "-",
    "extincao": ""
  },
  {
    "codigo": 640,
    "pais": "Republica Centro-Africana",
    "criacao": "-",
    "extincao": ""
  },
  {
    "codigo": 647,
    "pais": "Republica Dominicana",
    "criacao": "-",
    "extincao": ""
  },
  {
    "codigo": 660,
    "pais": "Reuniao, Ilha",
    "criacao": "-",
    "extincao": ""
  },
  {
    "codigo": 665,
    "pais": "Zimbabue",
    "criacao": "-",
    "extincao": ""
  },
  {
    "codigo": 670,
    "pais": "Romenia",
    "criacao": "-",
    "extincao": ""
  },
  {
    "codigo": 675,
    "pais": "Ruanda",
    "criacao": "-",
    "extincao": ""
  },
  {
    "codigo": 676,
    "pais": "Russia, Federacao Da",
    "criacao": "-",
    "extincao": ""
  },
  {
    "codigo": 677,
    "pais": "Salomao, Ilhas",
    "criacao": "-",
    "extincao": ""
  },
  {
    "codigo": 678,
    "pais": "Saint Kitts E Nevis",
    "criacao": "-",
    "extincao": ""
  },
  {
    "codigo": 685,
    "pais": "Saara Ocidental",
    "criacao": "-",
    "extincao": ""
  },
  {
    "codigo": 687,
    "pais": "El Salvador",
    "criacao": "-",
    "extincao": ""
  },
  {
    "codigo": 690,
    "pais": "Samoa",
    "criacao": "-",
    "extincao": ""
  },
  {
    "codigo": 691,
    "pais": "Samoa Americana",
    "criacao": "-",
    "extincao": ""
  },
  {
    "codigo": 695,
    "pais": "Sao Cristovao E Neves,Ilhas",
    "criacao": "-",
    "extincao": ""
  },
  {
    "codigo": 697,
    "pais": "San Marino",
    "criacao": "-",
    "extincao": ""
  },
  {
    "codigo": 700,
    "pais": "Sao Pedro E Miquelon",
    "criacao": "-",
    "extincao": ""
  },
  {
    "codigo": 705,
    "pais": "Sao Vicente E Granadinas",
    "criacao": "-",
    "extincao": ""
  },
  {
    "codigo": 710,
    "pais": "Santa Helena",
    "criacao": "-",
    "extincao": ""
  },
  {
    "codigo": 715,
    "pais": "Santa Lucia",
    "criacao": "-",
    "extincao": ""
  },
  {
    "codigo": 720,
    "pais": "Sao Tome E Principe, Ilhas",
    "criacao": "-",
    "extincao": ""
  },
  {
    "codigo": 728,
    "pais": "Senegal",
    "criacao": "-",
    "extincao": ""
  },
  {
    "codigo": 731,
    "pais": "Seychelles",
    "criacao": "-",
    "extincao": ""
  },
  {
    "codigo": 735,
    "pais": "Serra Leoa",
    "criacao": "-",
    "extincao": ""
  },
  {
    "codigo": 738,
    "pais": "Sikkim",
    "criacao": "-",
    "extincao": "13/12/1996"
  },
  {
    "codigo": 741,
    "pais": "Cingapura",
    "criacao": "-",
    "extincao": ""
  },
  {
    "codigo": 744,
    "pais": "Siria, Republica Arabe Da",
    "criacao": "-",
    "extincao": ""
  },
  {
    "codigo": 748,
    "pais": "Somalia",
    "criacao": "-",
    "extincao": ""
  },
  {
    "codigo": 750,
    "pais": "Sri Lanka",
    "criacao": "-",
    "extincao": ""
  },
  {
    "codigo": 754,
    "pais": "Suazilandia",
    "criacao": "-",
    "extincao": ""
  },
  {
    "codigo": 756,
    "pais": "Africa Do Sul",
    "criacao": "-",
    "extincao": ""
  },
  {
    "codigo": 759,
    "pais": "Sudao",
    "criacao": "-",
    "extincao": ""
  },
  {
    "codigo": 764,
    "pais": "Suecia",
    "criacao": "-",
    "extincao": ""
  },
  {
    "codigo": 767,
    "pais": "Suica",
    "criacao": "-",
    "extincao": ""
  },
  {
    "codigo": 770,
    "pais": "Suriname",
    "criacao": "-",
    "extincao": ""
  },
  {
    "codigo": 772,
    "pais": "Tadjiquistao, Republica Do",
    "criacao": "-",
    "extincao": ""
  },
  {
    "codigo": 776,
    "pais": "Tailandia",
    "criacao": "-",
    "extincao": ""
  },
  {
    "codigo": 780,
    "pais": "Tanzania, Rep.Unida Da",
    "criacao": "-",
    "extincao": ""
  },
  {
    "codigo": 782,
    "pais": "Territorio Brit.Oc.Indico",
    "criacao": "-",
    "extincao": ""
  },
  {
    "codigo": 783,
    "pais": "Djibuti",
    "criacao": "-",
    "extincao": ""
  },
  {
    "codigo": 785,
    "pais": "Territorio da Alta Comissao do Pacifico Ocidental",
    "criacao": "-",
    "extincao": "13/12/1996"
  },
  {
    "codigo": 788,
    "pais": "Chade",
    "criacao": "-",
    "extincao": ""
  },
  {
    "codigo": 790,
    "pais": "Tchecoslovaquia",
    "criacao": "-",
    "extincao": "13/12/1996"
  },
  {
    "codigo": 791,
    "pais": "Tcheca, Republica",
    "criacao": "-",
    "extincao": ""
  },
  {
    "codigo": 795,
    "pais": "Timor Leste",
    "criacao": "-",
    "extincao": ""
  },
  {
    "codigo": 800,
    "pais": "Togo",
    "criacao": "-",
    "extincao": ""
  },
  {
    "codigo": 805,
    "pais": "Toquelau,Ilhas",
    "criacao": "-",
    "extincao": ""
  },
  {
    "codigo": 810,
    "pais": "Tonga",
    "criacao": "-",
    "extincao": ""
  },
  {
    "codigo": 815,
    "pais": "Trinidad E Tobago",
    "criacao": "-",
    "extincao": ""
  },
  {
    "codigo": 820,
    "pais": "Tunisia",
    "criacao": "-",
    "extincao": ""
  },
  {
    "codigo": 823,
    "pais": "Turcas E Caicos,Ilhas",
    "criacao": "-",
    "extincao": ""
  },
  {
    "codigo": 824,
    "pais": "Turcomenistao, Republica Do",
    "criacao": "-",
    "extincao": ""
  },
  {
    "codigo": 827,
    "pais": "Turquia",
    "criacao": "-",
    "extincao": ""
  },
  {
    "codigo": 828,
    "pais": "Tuvalu",
    "criacao": "-",
    "extincao": ""
  },
  {
    "codigo": 831,
    "pais": "Ucrania",
    "criacao": "-",
    "extincao": ""
  },
  {
    "codigo": 833,
    "pais": "Uganda",
    "criacao": "-",
    "extincao": ""
  },
  {
    "codigo": 840,
    "pais": "Uniao Das Republicas Socialistas Sovieticas",
    "criacao": "-",
    "extincao": "13/12/1996"
  },
  {
    "codigo": 845,
    "pais": "Uruguai",
    "criacao": "-",
    "extincao": ""
  },
  {
    "codigo": 847,
    "pais": "Uzbequistao, Republica Do",
    "criacao": "-",
    "extincao": ""
  },
  {
    "codigo": 848,
    "pais": "Vaticano, Est.Da Cidade Do",
    "criacao": "-",
    "extincao": ""
  },
  {
    "codigo": 850,
    "pais": "Venezuela",
    "criacao": "-",
    "extincao": ""
  },
  {
    "codigo": 855,
    "pais": "Vietname Norte",
    "criacao": "-",
    "extincao": "13/12/1996"
  },
  {
    "codigo": 858,
    "pais": "Vietna",
    "criacao": "-",
    "extincao": ""
  },
  {
    "codigo": 863,
    "pais": "Virgens,Ilhas (BRITANICAS)",
    "criacao": "-",
    "extincao": ""
  },
  {
    "codigo": 866,
    "pais": "Virgens,Ilhas (E.U.A.)",
    "criacao": "-",
    "extincao": ""
  },
  {
    "codigo": 870,
    "pais": "Fiji",
    "criacao": "-",
    "extincao": ""
  },
  {
    "codigo": 873,
    "pais": "Wake, Ilha",
    "criacao": "-",
    "extincao": ""
  },
  {
    "codigo": 875,
    "pais": "Wallis E Futuna, Ilhas",
    "criacao": "-",
    "extincao": ""
  },
  {
    "codigo": 888,
    "pais": "Congo, Republica Democratica Do",
    "criacao": "-",
    "extincao": ""
  },
  {
    "codigo": 890,
    "pais": "Zambia",
    "criacao": "-",
    "extincao": ""
  }
]